"","Df","SumOfSqs","R2","F","Pr(>F)"
"in_canola",1,1.34194419672637,0.0994100001735889,5.29854230207579,0.001
"JD",1,0.139271244648096,0.0103170865736574,0.549899603151047,0.879
"splines::ns(propCan2km, df = 5)",5,1.75005738957059,0.129642652671702,1.38198788478994,0.04
"richness",1,0.455691367626297,0.0337572002213964,1.79925513590565,0.062
"shannon",1,0.187988666251033,0.0139260286606824,0.742255827680297,0.693
"Residual",38,9.62413368967998,0.712947031698973,NA,NA
"Total",47,13.4990865545024,1,NA,NA
