Site,Abundance,Richness,Shannon_Diversity,,,,,
Asotin,136,5,1.080573848,,,,,
Chipman1,588,24,3.062825325,,,,,
Chipman2,283,20,2.882937427,,,,,
Clark1,189,22,2.986795475,,,,,
Clark2,257,16,2.599624037,,,,,
Hutchins,266,6,1.605207107,,,,,
Kamiak,302,16,2.599006814,,,,,
Plaza,798,14,2.5393674,,,,,
Smoot,262,15,2.497346964,,,,,
Spangle,265,11,2.282374376,,,,,
